#node1	node2	node1_string_internal_id	node2_string_internal_id	node1_external_id	node2_external_id	neighborhood_on_chromosome	gene_fusion	phylogenetic_cooccurrence	homology	coexpression	experimentally_determined_interaction	database_annotated	automated_textmining	combined_score
RB1	CDK4	4435747	4434582	9606.ENSP00000267163	9606.ENSP00000257904	0	0	0	0	0.063	0.994	0.900	0.861	0.999
RB1	CDK2	4435747	4435732	9606.ENSP00000267163	9606.ENSP00000266970	0	0	0	0	0.081	0.994	0.900	0.709	0.999
CD40	CD40LG	4443911	4443586	9606.ENSP00000361359	9606.ENSP00000359663	0	0	0	0	0.061	0.870	0.900	0.974	0.999
PSMD2	PSMD1	4438562	4438504	9606.ENSP00000310129	9606.ENSP00000309474	0	0	0	0.546	0.991	0.993	0.900	0.870	0.999
BCL2L1	TP53	4437866	4435880	9606.ENSP00000302564	9606.ENSP00000269305	0	0	0	0	0.050	0.912	0.900	0.967	0.999
MAVS	DDX58	4448208	4445284	9606.ENSP00000401980	9606.ENSP00000369213	0	0	0	0	0.061	0.899	0.900	0.973	0.999
EGFR	EGF	4436186	4435570	9606.ENSP00000275493	9606.ENSP00000265171	0	0	0	0	0.160	0.933	0.900	0.972	0.999
TRAF3	CD40	4450450	4443911	9606.ENSP00000454207	9606.ENSP00000361359	0	0	0	0	0.062	0.876	0.900	0.934	0.999
CCL5	CCR5	4451102	4436956	9606.ENSP00000474412	9606.ENSP00000292303	0	0	0	0	0.181	0.902	0.900	0.959	0.999
E2F1	RB1	4441534	4435747	9606.ENSP00000345571	9606.ENSP00000267163	0	0	0	0	0.145	0.974	0.900	0.841	0.999
TRAF3	MAVS	4450450	4448208	9606.ENSP00000454207	9606.ENSP00000401980	0	0	0	0	0	0.902	0.900	0.893	0.998
MX1	ISG15	4446835	4445204	9606.ENSP00000381601	9606.ENSP00000368699	0	0	0	0	0.882	0.130	0.900	0.865	0.998
BCL2L1	BAX	4437866	4437004	9606.ENSP00000302564	9606.ENSP00000293288	0	0	0	0.643	0.047	0.982	0.900	0.677	0.998
MAVS	TBK1	4448208	4440145	9606.ENSP00000401980	9606.ENSP00000329967	0	0	0	0	0.045	0.860	0.900	0.932	0.998
DDX58	ISG15	4445284	4445204	9606.ENSP00000369213	9606.ENSP00000368699	0	0	0	0	0.792	0.128	0.900	0.944	0.998
IRF3	TBK1	4451012	4440145	9606.ENSP00000471896	9606.ENSP00000329967	0	0	0	0	0.053	0.501	0.900	0.967	0.998
TRAF3	TBK1	4450450	4440145	9606.ENSP00000454207	9606.ENSP00000329967	0	0	0	0	0.059	0.868	0.900	0.892	0.998
TP53	CDK2	4435880	4435732	9606.ENSP00000269305	9606.ENSP00000266970	0	0	0	0	0.094	0.716	0.900	0.924	0.997
IL10	IL6	4448642	4447254	9606.ENSP00000412237	9606.ENSP00000385675	0	0	0	0	0.077	0	0.900	0.974	0.997
CCL4	CCR5	4451651	4436956	9606.ENSP00000482259	9606.ENSP00000292303	0	0	0	0	0.374	0.722	0.900	0.856	0.997
CD209	ICAM3	4439000	4432679	9606.ENSP00000315477	9606.ENSP00000160262	0	0	0	0	0	0.379	0.900	0.960	0.997
OAS1	ISG15	4447536	4445204	9606.ENSP00000388001	9606.ENSP00000368699	0	0	0	0	0.889	0	0.900	0.786	0.997
IL1B	IL1A	4435241	4435240	9606.ENSP00000263341	9606.ENSP00000263339	0	0	0	0	0.753	0	0.900	0.921	0.997
OAS1	MX1	4447536	4446835	9606.ENSP00000388001	9606.ENSP00000381601	0	0	0	0	0.877	0	0.900	0.837	0.997
IL10	TNF	4448642	4448041	9606.ENSP00000412237	9606.ENSP00000398698	0	0	0	0	0.097	0	0.900	0.974	0.997
IRF3	DDX58	4451012	4445284	9606.ENSP00000471896	9606.ENSP00000369213	0	0	0	0	0.061	0.365	0.900	0.942	0.996
MX1	STAT1	4446835	4442456	9606.ENSP00000381601	9606.ENSP00000354394	0	0	0	0	0.792	0	0.900	0.858	0.996
IL6	IL4	4447254	4433533	9606.ENSP00000385675	9606.ENSP00000231449	0	0	0	0	0	0	0.900	0.968	0.996
IL10	CXCL8	4448642	4438229	9606.ENSP00000412237	9606.ENSP00000306512	0	0	0	0	0.061	0	0.900	0.962	0.996
CYCS	BCL2L1	4438356	4437866	9606.ENSP00000307786	9606.ENSP00000302564	0	0	0	0	0	0.708	0.900	0.901	0.996
IL10	IL1B	4448642	4435241	9606.ENSP00000412237	9606.ENSP00000263341	0	0	0	0	0.085	0	0.900	0.960	0.996
IL10	CCL2	4448642	4433339	9606.ENSP00000412237	9606.ENSP00000225831	0	0	0	0	0	0	0.900	0.955	0.995
TRAF3	BIRC3	4450450	4435265	9606.ENSP00000454207	9606.ENSP00000263464	0	0	0	0	0	0.829	0.900	0.744	0.995
CCL5	CXCL10	4451102	4438146	9606.ENSP00000474412	9606.ENSP00000305651	0	0	0	0	0.309	0.226	0.900	0.921	0.995
IKBKE	TRAF3	4450725	4450450	9606.ENSP00000464030	9606.ENSP00000454207	0	0	0	0	0.076	0.868	0.900	0.668	0.995
IKBKE	MAVS	4450725	4448208	9606.ENSP00000464030	9606.ENSP00000401980	0	0	0	0	0	0.860	0.900	0.674	0.995
IL5	IL2	4433534	4433376	9606.ENSP00000231454	9606.ENSP00000226730	0	0	0	0	0	0	0.900	0.954	0.995
MX1	IRF7	4446835	4446700	9606.ENSP00000381601	9606.ENSP00000380697	0	0	0	0	0.816	0	0.900	0.797	0.995
IRF7	ISG15	4446700	4445204	9606.ENSP00000380697	9606.ENSP00000368699	0	0	0	0	0.788	0	0.900	0.792	0.995
IRF7	DDX58	4446700	4445284	9606.ENSP00000380697	9606.ENSP00000369213	0	0	0	0	0.642	0	0.900	0.895	0.995
MAPK8	TP53	4446429	4435880	9606.ENSP00000378974	9606.ENSP00000269305	0	0	0	0	0	0.472	0.900	0.915	0.995
MYD88	IRF7	4448172	4446700	9606.ENSP00000401399	9606.ENSP00000380697	0	0	0	0	0.164	0.447	0.900	0.917	0.995
MYD88	TLR4	4448172	4444300	9606.ENSP00000401399	9606.ENSP00000363089	0	0	0	0.580	0.065	0.902	0.900	0.962	0.994
ISG15	STAT1	4445204	4442456	9606.ENSP00000368699	9606.ENSP00000354394	0	0	0	0	0.783	0.099	0.900	0.771	0.994
IRF3	MAVS	4451012	4448208	9606.ENSP00000471896	9606.ENSP00000401980	0	0	0	0	0.058	0.497	0.900	0.898	0.994
AKT1	TP53	4450372	4435880	9606.ENSP00000451828	9606.ENSP00000269305	0	0	0	0	0.054	0.147	0.900	0.941	0.994
CCL5	CXCL8	4451102	4438229	9606.ENSP00000474412	9606.ENSP00000306512	0	0	0	0	0.064	0.397	0.900	0.904	0.993
RHOA	MAPK8	4448110	4446429	9606.ENSP00000400175	9606.ENSP00000378974	0	0	0	0	0.062	0.735	0.900	0.765	0.993
IRF7	TBK1	4446700	4440145	9606.ENSP00000380697	9606.ENSP00000329967	0	0	0	0	0.062	0.384	0.900	0.897	0.993
TRAF3	TLR4	4450450	4444300	9606.ENSP00000454207	9606.ENSP00000363089	0	0	0	0	0	0.826	0.900	0.681	0.993
CCL5	IL10	4451102	4448642	9606.ENSP00000474412	9606.ENSP00000412237	0	0	0	0	0.098	0	0.900	0.929	0.993
MX1	DDX58	4446835	4445284	9606.ENSP00000381601	9606.ENSP00000369213	0	0	0	0	0.783	0	0.900	0.738	0.993
AKT1	BCL2L1	4450372	4437866	9606.ENSP00000451828	9606.ENSP00000302564	0	0	0	0	0.073	0.320	0.900	0.902	0.993
DDX58	TBK1	4445284	4440145	9606.ENSP00000369213	9606.ENSP00000329967	0	0	0	0	0.062	0.412	0.900	0.902	0.993
IL18	IL1B	4436375	4435241	9606.ENSP00000280357	9606.ENSP00000263341	0	0	0	0	0.095	0	0.900	0.921	0.992
IL10	CD86	4448642	4440320	9606.ENSP00000412237	9606.ENSP00000332049	0	0	0	0	0.084	0	0.900	0.927	0.992
CXCL8	IL4	4438229	4433533	9606.ENSP00000306512	9606.ENSP00000231449	0	0	0	0	0	0	0.900	0.927	0.992
TNF	IL13	4448041	4438088	9606.ENSP00000398698	9606.ENSP00000304915	0	0	0	0	0.061	0	0.900	0.925	0.992
IL10	CD80	4448642	4435403	9606.ENSP00000412237	9606.ENSP00000264246	0	0	0	0	0.088	0	0.900	0.921	0.992
DDX58	STAT1	4445284	4442456	9606.ENSP00000369213	9606.ENSP00000354394	0	0	0	0	0.602	0.379	0.900	0.717	0.992
MYC	AKT1	4451407	4450372	9606.ENSP00000479618	9606.ENSP00000451828	0	0	0	0	0.052	0.156	0.900	0.915	0.992
TNF	IL4	4448041	4433533	9606.ENSP00000398698	9606.ENSP00000231449	0	0	0	0	0	0	0.900	0.931	0.992
CXCL8	IL1B	4438229	4435241	9606.ENSP00000306512	9606.ENSP00000263341	0	0	0	0	0.676	0	0	0.977	0.992
IL10	CXCL10	4448642	4438146	9606.ENSP00000412237	9606.ENSP00000305651	0	0	0	0	0.083	0	0.900	0.913	0.991
IL1B	IL4	4435241	4433533	9606.ENSP00000263341	9606.ENSP00000231449	0	0	0	0	0	0	0.900	0.916	0.991
IRF3	IFNB1	4451012	4445352	9606.ENSP00000471896	9606.ENSP00000369581	0	0	0	0	0	0	0.900	0.920	0.991
CCL4	CXCL10	4451651	4438146	9606.ENSP00000482259	9606.ENSP00000305651	0	0	0	0	0.322	0	0.900	0.879	0.991
IL10	IL18	4448642	4436375	9606.ENSP00000412237	9606.ENSP00000280357	0	0	0	0	0.062	0	0.900	0.915	0.991
BCL2	BCL2L1	4446777	4437866	9606.ENSP00000381185	9606.ENSP00000302564	0	0	0	0.898	0	0.912	0.900	0.633	0.991
CD40	BIRC3	4443911	4435265	9606.ENSP00000361359	9606.ENSP00000263464	0	0	0	0	0.107	0.811	0.900	0.531	0.991
MYC	CDK2	4451407	4435732	9606.ENSP00000479618	9606.ENSP00000266970	0	0	0	0	0.118	0.342	0.900	0.865	0.991
CCL4	CXCL8	4451651	4438229	9606.ENSP00000482259	9606.ENSP00000306512	0	0	0	0	0.211	0.379	0.900	0.838	0.991
IL4	CCL2	4433533	4433339	9606.ENSP00000231449	9606.ENSP00000225831	0	0	0	0	0	0	0.900	0.918	0.991
TLR4	TBK1	4444300	4440145	9606.ENSP00000363089	9606.ENSP00000329967	0	0	0	0	0.061	0.551	0.900	0.824	0.991
RPS6KA3	MAPK1	4445235	4432880	9606.ENSP00000368884	9606.ENSP00000215832	0	0	0	0.663	0.062	0.863	0.900	0.870	0.990
TP53	MAPK14	4435880	4433482	9606.ENSP00000269305	9606.ENSP00000229795	0	0	0	0	0	0.472	0.900	0.837	0.990
RPS6KA3	MAPK3	4445235	4435180	9606.ENSP00000368884	9606.ENSP00000263025	0	0	0	0.644	0.066	0.863	0.900	0.845	0.990
TLR4	CD14	4444300	4438033	9606.ENSP00000363089	9606.ENSP00000304236	0	0	0	0	0.264	0.472	0.900	0.758	0.989
ITGB2	ICAM1	4446737	4435501	9606.ENSP00000380948	9606.ENSP00000264832	0	0	0	0	0.113	0.379	0.900	0.829	0.989
STAT1	IFNG	4442456	4433446	9606.ENSP00000354394	9606.ENSP00000229135	0	0	0	0	0.063	0	0.900	0.898	0.989
MYD88	TLR9	4448172	4442410	9606.ENSP00000401399	9606.ENSP00000353874	0	0	0	0	0.060	0.640	0	0.969	0.989
OAS1	IRF7	4447536	4446700	9606.ENSP00000388001	9606.ENSP00000380697	0	0	0	0	0.688	0	0.900	0.678	0.989
TNF	IL1B	4448041	4435241	9606.ENSP00000398698	9606.ENSP00000263341	0	0	0	0	0.441	0	0	0.981	0.989
MAPK8	CD40	4446429	4443911	9606.ENSP00000378974	9606.ENSP00000361359	0	0	0	0	0	0.776	0.900	0.586	0.989
MAVS	IRF7	4448208	4446700	9606.ENSP00000401980	9606.ENSP00000380697	0	0	0	0	0	0.336	0.900	0.837	0.988
IL6	IL13	4447254	4438088	9606.ENSP00000385675	9606.ENSP00000304915	0	0	0	0	0	0	0.900	0.893	0.988
IRF3	TRAF3	4451012	4450450	9606.ENSP00000471896	9606.ENSP00000454207	0	0	0	0	0	0.351	0.900	0.837	0.988
MAPK3	MAPK1	4435180	4432880	9606.ENSP00000263025	9606.ENSP00000215832	0	0	0.446	0.983	0	0.872	0.900	0.951	0.987
AKT1	RHOA	4450372	4448110	9606.ENSP00000451828	9606.ENSP00000400175	0	0	0	0	0.061	0.160	0.900	0.858	0.987
CXCL8	CXCL10	4438229	4438146	9606.ENSP00000306512	9606.ENSP00000305651	0	0	0	0	0.144	0	0.900	0.869	0.987
IRF3	IKBKE	4451012	4450725	9606.ENSP00000471896	9606.ENSP00000464030	0	0	0	0	0	0.384	0.900	0.816	0.987
USP7	TP53	4441344	4435880	9606.ENSP00000343535	9606.ENSP00000269305	0	0	0	0	0.055	0.379	0.900	0.814	0.987
MAPK8	BCL2L1	4446429	4437866	9606.ENSP00000378974	9606.ENSP00000302564	0	0	0	0	0	0.519	0.800	0.869	0.986
TP53	RB1	4435880	4435747	9606.ENSP00000269305	9606.ENSP00000267163	0	0	0	0	0.061	0.379	0.900	0.789	0.986
MYD88	IL1B	4448172	4435241	9606.ENSP00000401399	9606.ENSP00000263341	0	0	0	0	0.097	0	0.900	0.862	0.986
SMAD3	CDK4	4440414	4434582	9606.ENSP00000332973	9606.ENSP00000257904	0	0	0	0	0	0.513	0.900	0.749	0.986
TLR4	BIRC3	4444300	4435265	9606.ENSP00000363089	9606.ENSP00000263464	0	0	0	0	0.074	0.809	0.900	0.322	0.986
IL18	IL4	4436375	4433533	9606.ENSP00000280357	9606.ENSP00000231449	0	0	0	0	0	0	0.900	0.872	0.986
CCL3	CCR5	4451253	4436956	9606.ENSP00000477908	9606.ENSP00000292303	0	0	0	0	0.276	0.379	0.800	0.867	0.986
SMAD3	MAPK1	4440414	4432880	9606.ENSP00000332973	9606.ENSP00000215832	0	0	0	0	0.060	0.455	0.900	0.758	0.986
IRF7	IFNB1	4446700	4445352	9606.ENSP00000380697	9606.ENSP00000369581	0	0	0	0	0.061	0	0.900	0.872	0.986
MYC	MAPK1	4451407	4432880	9606.ENSP00000479618	9606.ENSP00000215832	0	0	0	0	0	0.379	0.900	0.798	0.986
TP53	MAPK1	4435880	4432880	9606.ENSP00000269305	9606.ENSP00000215832	0	0	0	0	0.055	0.532	0.800	0.859	0.985
STAT1	EGFR	4442456	4436186	9606.ENSP00000354394	9606.ENSP00000275493	0	0	0	0	0.061	0.420	0.900	0.764	0.985
E2F1	CDK2	4441534	4435732	9606.ENSP00000345571	9606.ENSP00000266970	0	0	0	0	0.171	0.461	0.900	0.705	0.985
IL6	CXCL8	4447254	4438229	9606.ENSP00000385675	9606.ENSP00000306512	0	0	0	0	0.581	0	0	0.966	0.985
IL10	ICAM1	4448642	4435501	9606.ENSP00000412237	9606.ENSP00000264832	0	0	0	0	0	0	0.900	0.858	0.985
BAX	TP53	4437004	4435880	9606.ENSP00000293288	9606.ENSP00000269305	0	0	0	0	0.050	0.578	0.900	0.669	0.984
RHOA	MAPK1	4448110	4432880	9606.ENSP00000400175	9606.ENSP00000215832	0	0	0	0	0.085	0.272	0.900	0.794	0.984
IL10	CCR5	4448642	4436956	9606.ENSP00000412237	9606.ENSP00000292303	0	0	0	0	0.103	0	0.900	0.843	0.984
IL6	IL1B	4447254	4435241	9606.ENSP00000385675	9606.ENSP00000263341	0	0	0	0	0.430	0	0	0.973	0.984
BCL2	TP53	4446777	4435880	9606.ENSP00000381185	9606.ENSP00000269305	0	0	0	0	0.050	0.525	0.900	0.705	0.984
TNF	NOS2	4448041	4439909	9606.ENSP00000398698	9606.ENSP00000327251	0	0	0	0	0.063	0	0.900	0.844	0.984
SMAD3	CDK2	4440414	4435732	9606.ENSP00000332973	9606.ENSP00000266970	0	0	0	0	0.061	0.513	0.900	0.695	0.984
TNF	MAPK14	4448041	4433482	9606.ENSP00000398698	9606.ENSP00000229795	0	0	0	0	0	0	0.900	0.850	0.984
TNF	BIRC3	4448041	4435265	9606.ENSP00000398698	9606.ENSP00000263464	0	0	0	0	0.172	0.328	0.900	0.759	0.984
TNF	IL6	4448041	4447254	9606.ENSP00000398698	9606.ENSP00000385675	0	0	0	0	0.123	0	0	0.982	0.984
CXCL8	IL13	4438229	4438088	9606.ENSP00000306512	9606.ENSP00000304915	0	0	0	0	0	0	0.900	0.839	0.983
SMAD3	TGFB1	4440414	4433189	9606.ENSP00000332973	9606.ENSP00000221930	0	0	0	0	0.066	0.081	0.900	0.831	0.983
CCL4	CCL3	4451651	4451253	9606.ENSP00000482259	9606.ENSP00000477908	0	0	0	0.954	0.974	0.379	0	0.941	0.983
IL6	STAT1	4447254	4442456	9606.ENSP00000385675	9606.ENSP00000354394	0	0	0	0	0.058	0.163	0.900	0.818	0.983
IRF3	TLR4	4451012	4444300	9606.ENSP00000471896	9606.ENSP00000363089	0	0	0	0	0	0	0.900	0.835	0.982
IKBKE	TBK1	4450725	4440145	9606.ENSP00000464030	9606.ENSP00000329967	0	0	0	0.936	0	0.828	0.900	0.818	0.982
STAT1	MAPK14	4442456	4433482	9606.ENSP00000354394	9606.ENSP00000229795	0	0	0	0	0.060	0.406	0.900	0.718	0.982
IL6	CCL2	4447254	4433339	9606.ENSP00000385675	9606.ENSP00000225831	0	0	0	0	0.267	0	0	0.977	0.982
IL6	MAPK1	4447254	4432880	9606.ENSP00000385675	9606.ENSP00000215832	0	0	0	0	0	0	0.900	0.834	0.982
IL17A	IL2	4441397	4433376	9606.ENSP00000344192	9606.ENSP00000226730	0	0	0	0	0.077	0.689	0	0.944	0.982
CCL3	IL10	4451253	4448642	9606.ENSP00000477908	9606.ENSP00000412237	0	0	0	0	0.099	0	0.900	0.825	0.982
IL13	CCL2	4438088	4433339	9606.ENSP00000304915	9606.ENSP00000225831	0	0	0	0	0	0	0.900	0.822	0.981
MAPK8	SMAD3	4446429	4440414	9606.ENSP00000378974	9606.ENSP00000332973	0	0	0	0	0.064	0.513	0.800	0.818	0.981
TRAF3	DDX58	4450450	4445284	9606.ENSP00000454207	9606.ENSP00000369213	0	0	0	0	0	0.379	0.900	0.703	0.980
CXCL8	CCL2	4438229	4433339	9606.ENSP00000306512	9606.ENSP00000225831	0	0	0	0	0.278	0.667	0	0.925	0.980
ISG15	IRF1	4445204	4433930	9606.ENSP00000368699	9606.ENSP00000245414	0	0	0	0	0.110	0	0.900	0.793	0.980
STAT1	KIT	4442456	4436763	9606.ENSP00000354394	9606.ENSP00000288135	0	0	0	0	0	0.540	0.900	0.618	0.980
MYC	MAPK3	4451407	4435180	9606.ENSP00000479618	9606.ENSP00000263025	0	0	0	0	0	0.379	0.900	0.707	0.980
CCL4	IL10	4451651	4448642	9606.ENSP00000482259	9606.ENSP00000412237	0	0	0	0	0.107	0	0.900	0.801	0.980
IRF1	IFNG	4433930	4433446	9606.ENSP00000245414	9606.ENSP00000229135	0	0	0	0	0.089	0	0.900	0.805	0.980
TNF	ADAM17	4448041	4438549	9606.ENSP00000398698	9606.ENSP00000309968	0	0	0	0	0.061	0.379	0.900	0.692	0.979
ITGB2	CD14	4446737	4438033	9606.ENSP00000380948	9606.ENSP00000304236	0	0	0	0	0.623	0.379	0.900	0.232	0.979
CYCS	BAX	4438356	4437004	9606.ENSP00000307786	9606.ENSP00000293288	0	0	0	0	0.042	0.328	0.900	0.723	0.979
ADAM17	EGF	4438549	4435570	9606.ENSP00000309968	9606.ENSP00000265171	0	0	0	0	0	0	0.900	0.806	0.979
TNF	CD40LG	4448041	4443586	9606.ENSP00000398698	9606.ENSP00000359663	0	0	0	0	0.076	0	0.900	0.800	0.979
IL1B	MAPK14	4435241	4433482	9606.ENSP00000263341	9606.ENSP00000229795	0	0	0	0	0	0	0.900	0.790	0.978
IRF3	MX1	4451012	4446835	9606.ENSP00000471896	9606.ENSP00000381601	0	0	0	0	0	0	0.900	0.794	0.978
AKT1	IL2	4450372	4433376	9606.ENSP00000451828	9606.ENSP00000226730	0	0	0	0	0	0	0.900	0.793	0.978
IKBKE	IRF7	4450725	4446700	9606.ENSP00000464030	9606.ENSP00000380697	0	0	0	0	0.119	0.319	0.900	0.685	0.978
IRF7	IFNA2	4446700	4445342	9606.ENSP00000380697	9606.ENSP00000369554	0	0	0	0	0	0	0.900	0.792	0.978
CXCL10	CCR5	4438146	4436956	9606.ENSP00000305651	9606.ENSP00000292303	0	0	0	0	0.225	0	0.900	0.744	0.978
RHOA	MAPK3	4448110	4435180	9606.ENSP00000400175	9606.ENSP00000263025	0	0	0	0	0.062	0.272	0.900	0.726	0.978
E2F1	CDK4	4441534	4434582	9606.ENSP00000345571	9606.ENSP00000257904	0	0	0	0	0.124	0.168	0.900	0.732	0.977
BCL2L1	MAPK1	4437866	4432880	9606.ENSP00000302564	9606.ENSP00000215832	0	0	0	0	0	0	0.900	0.786	0.977
IKBKE	DDX58	4450725	4445284	9606.ENSP00000464030	9606.ENSP00000369213	0	0	0	0	0.089	0.394	0.900	0.646	0.977
MYD88	NFKB1	4448172	4433374	9606.ENSP00000401399	9606.ENSP00000226574	0	0	0	0	0.120	0	0.900	0.766	0.977
IL1B	NFKB1	4435241	4433374	9606.ENSP00000263341	9606.ENSP00000226574	0	0	0	0	0.131	0	0.900	0.747	0.976
CD86	CD80	4440320	4435403	9606.ENSP00000332049	9606.ENSP00000264246	0	0	0	0.620	0.317	0.515	0.900	0.933	0.976
MYC	TNF	4451407	4448041	9606.ENSP00000479618	9606.ENSP00000398698	0	0	0	0	0.062	0	0.900	0.769	0.976
IL6	MAPK3	4447254	4435180	9606.ENSP00000385675	9606.ENSP00000263025	0	0	0	0	0	0	0.900	0.771	0.976
MYC	SMAD3	4451407	4440414	9606.ENSP00000479618	9606.ENSP00000332973	0	0	0	0	0	0.384	0.900	0.631	0.975
MAPK8	IL2	4446429	4433376	9606.ENSP00000378974	9606.ENSP00000226730	0	0	0	0	0	0	0.900	0.769	0.975
TNF	IFNG	4448041	4433446	9606.ENSP00000398698	9606.ENSP00000229135	0	0	0	0	0.152	0.379	0	0.957	0.975
CXCL8	MAPK14	4438229	4433482	9606.ENSP00000306512	9606.ENSP00000229795	0	0	0	0	0	0	0.900	0.757	0.974
TRAF3	MYD88	4450450	4448172	9606.ENSP00000454207	9606.ENSP00000401399	0	0	0	0	0	0.863	0	0.822	0.974
MX1	IRF1	4446835	4433930	9606.ENSP00000381601	9606.ENSP00000245414	0	0	0	0	0.177	0	0.900	0.714	0.974
IL13	IL18	4438088	4436375	9606.ENSP00000304915	9606.ENSP00000280357	0	0	0	0	0	0	0.900	0.756	0.974
PTGS2	IL1B	4442894	4435241	9606.ENSP00000356438	9606.ENSP00000263341	0	0	0	0	0.561	0	0	0.943	0.974
RUNX3	TP53	4446960	4435880	9606.ENSP00000382800	9606.ENSP00000269305	0	0	0	0	0	0	0.900	0.746	0.973
IL10	IL1A	4448642	4435240	9606.ENSP00000412237	9606.ENSP00000263339	0	0	0	0	0.063	0	0.900	0.738	0.973
TNF	CXCL8	4448041	4438229	9606.ENSP00000398698	9606.ENSP00000306512	0	0	0	0	0.156	0	0	0.970	0.973
STAT1	MAPK3	4442456	4435180	9606.ENSP00000354394	9606.ENSP00000263025	0	0	0	0	0.060	0.189	0.900	0.676	0.972
IL1A	IL4	4435240	4433533	9606.ENSP00000263339	9606.ENSP00000231449	0	0	0	0	0	0	0.900	0.732	0.972
STAT1	MAPK1	4442456	4432880	9606.ENSP00000354394	9606.ENSP00000215832	0	0	0	0	0.060	0.263	0.900	0.649	0.972
IL13	IL1B	4438088	4435241	9606.ENSP00000304915	9606.ENSP00000263341	0	0	0	0	0	0	0.900	0.737	0.972
IL10	IL4	4448642	4433533	9606.ENSP00000412237	9606.ENSP00000231449	0	0	0	0	0	0	0	0.972	0.972
TNF	STAT1	4448041	4442456	9606.ENSP00000398698	9606.ENSP00000354394	0	0	0	0	0.061	0	0.900	0.730	0.972
IFNB1	STAT1	4445352	4442456	9606.ENSP00000369581	9606.ENSP00000354394	0	0	0	0	0	0	0.900	0.737	0.972
STAT1	IRF1	4442456	4433930	9606.ENSP00000354394	9606.ENSP00000245414	0	0	0	0	0.387	0.379	0	0.932	0.972
TNF	CCL2	4448041	4433339	9606.ENSP00000398698	9606.ENSP00000225831	0	0	0	0	0.062	0	0	0.969	0.971
IL13	IL4	4438088	4433533	9606.ENSP00000304915	9606.ENSP00000231449	0	0	0	0	0.070	0	0	0.970	0.971
TRAF3	IRF7	4450450	4446700	9606.ENSP00000454207	9606.ENSP00000380697	0	0	0	0	0	0.084	0.900	0.713	0.971
RHOA	CD44	4448110	4448037	9606.ENSP00000400175	9606.ENSP00000398632	0	0	0	0	0.061	0	0.900	0.719	0.971
IL6	IL17A	4447254	4441397	9606.ENSP00000385675	9606.ENSP00000344192	0	0	0	0	0.061	0	0	0.970	0.971
IL10	IL17A	4448642	4441397	9606.ENSP00000412237	9606.ENSP00000344192	0	0	0	0	0.064	0	0	0.970	0.971
IRF7	TLR4	4446700	4444300	9606.ENSP00000380697	9606.ENSP00000363089	0	0	0	0	0.084	0	0.900	0.708	0.970
FAS	TP53	4441783	4435880	9606.ENSP00000347979	9606.ENSP00000269305	0	0	0	0	0.062	0	0.900	0.715	0.970
IL6	CRP	4447254	4434405	9606.ENSP00000385675	9606.ENSP00000255030	0	0	0	0	0	0	0	0.970	0.970
MYC	TP53	4451407	4435880	9606.ENSP00000479618	9606.ENSP00000269305	0	0	0	0	0.091	0.139	0	0.964	0.969
BCL2L1	MAPK3	4437866	4435180	9606.ENSP00000302564	9606.ENSP00000263025	0	0	0	0	0.059	0	0.900	0.700	0.969
IRF3	ISG15	4451012	4445204	9606.ENSP00000471896	9606.ENSP00000368699	0	0	0	0	0	0	0.900	0.710	0.969
TNF	NFKB1	4448041	4433374	9606.ENSP00000398698	9606.ENSP00000226574	0	0	0	0	0.108	0	0.900	0.672	0.968
RHOA	EGFR	4448110	4436186	9606.ENSP00000400175	9606.ENSP00000275493	0	0	0	0	0	0.126	0.900	0.668	0.968
ITGB2	ICAM3	4446737	4432679	9606.ENSP00000380948	9606.ENSP00000160262	0	0	0	0	0.155	0.379	0.900	0.478	0.968
IFNB1	IRF1	4445352	4433930	9606.ENSP00000369581	9606.ENSP00000245414	0	0	0	0	0	0	0.900	0.700	0.968
BCL2	BAX	4446777	4437004	9606.ENSP00000381185	9606.ENSP00000293288	0	0	0	0.645	0	0.580	0.900	0.734	0.967
CXCL8	CCR5	4438229	4436956	9606.ENSP00000306512	9606.ENSP00000292303	0	0	0	0	0.084	0	0.900	0.674	0.967
AKT1	VIM	4450372	4450181	9606.ENSP00000451828	9606.ENSP00000446007	0	0	0	0	0.061	0.373	0.900	0.508	0.967
CCR5	CCL2	4436956	4433339	9606.ENSP00000292303	9606.ENSP00000225831	0	0	0	0	0.084	0.377	0.600	0.875	0.967
MYC	RUNX3	4451407	4446960	9606.ENSP00000479618	9606.ENSP00000382800	0	0	0	0	0	0.123	0.900	0.655	0.967
TP53	MAPK3	4435880	4435180	9606.ENSP00000269305	9606.ENSP00000263025	0	0	0	0	0.062	0.403	0.800	0.737	0.966
BCL2	CYCS	4446777	4438356	9606.ENSP00000381185	9606.ENSP00000307786	0	0	0	0	0	0.379	0.900	0.504	0.966
IL18	IL1A	4436375	4435240	9606.ENSP00000280357	9606.ENSP00000263339	0	0	0	0	0.061	0	0.900	0.668	0.966
SMAD3	MAPK3	4440414	4435180	9606.ENSP00000332973	9606.ENSP00000263025	0	0	0	0	0.060	0.159	0.900	0.629	0.966
STAT1	IL2	4442456	4433376	9606.ENSP00000354394	9606.ENSP00000226730	0	0	0	0	0	0	0.900	0.672	0.965
EGF	TGFB1	4435570	4433189	9606.ENSP00000265171	9606.ENSP00000221930	0	0	0	0	0	0	0.900	0.670	0.965
MYC	BCL2	4451407	4446777	9606.ENSP00000479618	9606.ENSP00000381185	0	0	0	0	0	0.456	0.900	0.407	0.965
EGFR	MAPK1	4436186	4432880	9606.ENSP00000275493	9606.ENSP00000215832	0	0	0	0.577	0	0.472	0.900	0.887	0.965
EGFR	TP53	4436186	4435880	9606.ENSP00000275493	9606.ENSP00000269305	0	0	0	0	0	0.294	0	0.951	0.964
RHOA	EGF	4448110	4435570	9606.ENSP00000400175	9606.ENSP00000265171	0	0	0	0	0	0	0.900	0.657	0.964
IL4	IL2	4433533	4433376	9606.ENSP00000231449	9606.ENSP00000226730	0	0	0	0	0.062	0	0	0.963	0.964
RUNX3	SMAD3	4446960	4440414	9606.ENSP00000382800	9606.ENSP00000332973	0	0	0	0	0	0.402	0.900	0.432	0.963
AKT1	SOD1	4450372	4435927	9606.ENSP00000451828	9606.ENSP00000270142	0	0	0	0	0	0.064	0.900	0.640	0.963
IL6	NFKB1	4447254	4433374	9606.ENSP00000385675	9606.ENSP00000226574	0	0	0	0	0.086	0	0.900	0.632	0.963
STAT1	IL13	4442456	4438088	9606.ENSP00000354394	9606.ENSP00000304915	0	0	0	0	0	0	0.900	0.642	0.962
AKT1	NFKB1	4450372	4433374	9606.ENSP00000451828	9606.ENSP00000226574	0	0	0	0	0.065	0.261	0.900	0.525	0.962
IL4	MAPK14	4433533	4433482	9606.ENSP00000231449	9606.ENSP00000229795	0	0	0	0	0	0	0.900	0.641	0.962
IL13	IL1A	4438088	4435240	9606.ENSP00000304915	9606.ENSP00000263339	0	0	0	0	0	0	0.900	0.633	0.961
IL6	HSP90B1	4447254	4437604	9606.ENSP00000385675	9606.ENSP00000299767	0	0	0	0	0	0	0.900	0.628	0.961
TRAF3	MAPK8	4450450	4446429	9606.ENSP00000454207	9606.ENSP00000378974	0	0	0	0	0.063	0.103	0.900	0.597	0.961
IRF3	IRF7	4451012	4446700	9606.ENSP00000471896	9606.ENSP00000380697	0	0	0	0.633	0.086	0.379	0.900	0.982	0.960
CD40	CD80	4443911	4435403	9606.ENSP00000361359	9606.ENSP00000264246	0	0	0	0	0.121	0	0	0.956	0.960
TNF	ICAM1	4448041	4435501	9606.ENSP00000398698	9606.ENSP00000264832	0	0	0	0	0.119	0	0	0.957	0.960
IFNA2	ISG15	4445342	4445204	9606.ENSP00000369554	9606.ENSP00000368699	0	0	0	0	0	0.864	0	0.719	0.960
IL6	IL2	4447254	4433376	9606.ENSP00000385675	9606.ENSP00000226730	0	0	0	0	0	0	0	0.958	0.959
HSPA8	STUB1	4449616	4433095	9606.ENSP00000432083	9606.ENSP00000219548	0	0	0	0	0.083	0.686	0.540	0.726	0.959
IL6	TLR4	4447254	4444300	9606.ENSP00000385675	9606.ENSP00000363089	0	0	0	0	0.082	0	0	0.956	0.959
HSPA8	EGFR	4449616	4436186	9606.ENSP00000432083	9606.ENSP00000275493	0	0	0	0	0	0.393	0.900	0.386	0.959
AKT1	CD40	4450372	4443911	9606.ENSP00000451828	9606.ENSP00000361359	0	0	0	0	0	0.124	0.900	0.560	0.958
TRAF3	TNF	4450450	4448041	9606.ENSP00000454207	9606.ENSP00000398698	0	0	0	0	0	0	0.900	0.605	0.958
CXCL8	NFKB1	4438229	4433374	9606.ENSP00000306512	9606.ENSP00000226574	0	0	0	0	0.118	0	0.900	0.570	0.958
PTGS2	CXCL8	4442894	4438229	9606.ENSP00000356438	9606.ENSP00000306512	0	0	0	0	0.753	0	0	0.839	0.958
CD40	CD86	4443911	4440320	9606.ENSP00000361359	9606.ENSP00000332049	0	0	0	0	0.119	0	0	0.953	0.958
OAS1	IRF1	4447536	4433930	9606.ENSP00000388001	9606.ENSP00000245414	0	0	0	0	0.137	0	0.900	0.559	0.958
IL10	IL2	4448642	4433376	9606.ENSP00000412237	9606.ENSP00000226730	0	0	0	0	0	0	0	0.956	0.957
TNF	TLR4	4448041	4444300	9606.ENSP00000398698	9606.ENSP00000363089	0	0	0	0	0.082	0	0	0.955	0.957
IL5	IL4	4433534	4433533	9606.ENSP00000231454	9606.ENSP00000231449	0	0	0	0	0	0	0	0.957	0.957
EGF	ADAM10	4435570	4434780	9606.ENSP00000265171	9606.ENSP00000260408	0	0	0	0	0	0	0.900	0.595	0.957
IKBKE	TLR4	4450725	4444300	9606.ENSP00000464030	9606.ENSP00000363089	0	0	0	0	0.085	0.123	0.900	0.538	0.957
TNF	IL2	4448041	4433376	9606.ENSP00000398698	9606.ENSP00000226730	0	0	0	0	0	0	0	0.956	0.957
IL6	CST3	4447254	4446810	9606.ENSP00000385675	9606.ENSP00000381448	0	0	0	0	0	0	0.900	0.579	0.956
IRF3	OAS1	4451012	4447536	9606.ENSP00000471896	9606.ENSP00000388001	0	0	0	0	0	0	0.900	0.584	0.956
IRF3	IFNA2	4451012	4445342	9606.ENSP00000471896	9606.ENSP00000369554	0	0	0	0	0	0	0.900	0.578	0.956
AKT1	RB1	4450372	4435747	9606.ENSP00000451828	9606.ENSP00000267163	0	0	0	0	0	0.080	0.900	0.558	0.955
IL17A	IL13	4441397	4438088	9606.ENSP00000344192	9606.ENSP00000304915	0	0	0	0	0.061	0	0	0.954	0.955
MAPK3	IL2	4435180	4433376	9606.ENSP00000263025	9606.ENSP00000226730	0	0	0	0	0	0	0.900	0.572	0.955
TRAF3	CD40LG	4450450	4443586	9606.ENSP00000454207	9606.ENSP00000359663	0	0	0	0	0	0.057	0.900	0.563	0.955
MAPK3	TGFB1	4435180	4433189	9606.ENSP00000263025	9606.ENSP00000221930	0	0	0	0	0.061	0.078	0.900	0.538	0.954
NFKB1	MAPK1	4433374	4432880	9606.ENSP00000226574	9606.ENSP00000215832	0	0	0	0	0.042	0.185	0.900	0.481	0.954
CD86	CD4	4440320	4432588	9606.ENSP00000332049	9606.ENSP00000011653	0	0	0	0	0.291	0	0.900	0.404	0.954
IL10	IL13	4448642	4438088	9606.ENSP00000412237	9606.ENSP00000304915	0	0	0	0	0.061	0	0	0.953	0.954
RB1	MAPK1	4435747	4432880	9606.ENSP00000267163	9606.ENSP00000215832	0	0	0	0	0.061	0.379	0.900	0.317	0.954
MAPK8	IL18	4446429	4436375	9606.ENSP00000378974	9606.ENSP00000280357	0	0	0	0	0	0	0.900	0.562	0.954
IL2	MAPK1	4433376	4432880	9606.ENSP00000226730	9606.ENSP00000215832	0	0	0	0	0	0	0.900	0.559	0.954
AKT1	E2F1	4450372	4441534	9606.ENSP00000451828	9606.ENSP00000345571	0	0	0	0	0.091	0.124	0.900	0.481	0.953
STAT1	EGF	4442456	4435570	9606.ENSP00000354394	9606.ENSP00000265171	0	0	0	0	0	0	0.900	0.558	0.953
IL6	ICAM1	4447254	4435501	9606.ENSP00000385675	9606.ENSP00000264832	0	0	0	0	0.152	0	0	0.947	0.953
ICAM1	IRF1	4435501	4433930	9606.ENSP00000264832	9606.ENSP00000245414	0	0	0	0	0.156	0	0.900	0.477	0.952
BCL2	MAPK8	4446777	4446429	9606.ENSP00000381185	9606.ENSP00000378974	0	0	0	0	0	0.386	0.900	0.290	0.952
IL17A	IL4	4441397	4433533	9606.ENSP00000344192	9606.ENSP00000231449	0	0	0	0	0	0	0	0.950	0.951
MAPK8	BAX	4446429	4437004	9606.ENSP00000378974	9606.ENSP00000293288	0	0	0	0	0	0.053	0.900	0.525	0.951
STAT1	CXCL10	4442456	4438146	9606.ENSP00000354394	9606.ENSP00000305651	0	0	0	0	0.707	0	0	0.840	0.951
IL1B	CCL2	4435241	4433339	9606.ENSP00000263341	9606.ENSP00000225831	0	0	0	0	0.126	0	0	0.945	0.950
MAPK3	NFKB1	4435180	4433374	9606.ENSP00000263025	9606.ENSP00000226574	0	0	0	0	0	0.185	0.900	0.437	0.950
IL10	TLR4	4448642	4444300	9606.ENSP00000412237	9606.ENSP00000363089	0	0	0	0	0	0.299	0	0.931	0.950
IL7R	CD4	4438199	4432588	9606.ENSP00000306157	9606.ENSP00000011653	0	0	0	0	0.246	0	0.900	0.387	0.949
ITGB2	CD80	4446737	4435403	9606.ENSP00000380948	9606.ENSP00000264246	0	0	0	0	0.289	0	0.900	0.349	0.949
SMAD3	STUB1	4440414	4433095	9606.ENSP00000332973	9606.ENSP00000219548	0	0	0	0	0	0.320	0.900	0.311	0.949
MYC	MAPK14	4451407	4433482	9606.ENSP00000479618	9606.ENSP00000229795	0	0	0	0	0	0.139	0.900	0.460	0.949
CD40	NFKB1	4443911	4433374	9606.ENSP00000361359	9606.ENSP00000226574	0	0	0	0	0.064	0	0.900	0.493	0.948
CD40LG	BIRC3	4443586	4435265	9606.ENSP00000359663	9606.ENSP00000263464	0	0	0	0	0.075	0.305	0.900	0.297	0.948
MAPK8	MAPK3	4446429	4435180	9606.ENSP00000378974	9606.ENSP00000263025	0	0	0.390	0.874	0.083	0.384	0.900	0.951	0.948
MAPK14	NFKB1	4433482	4433374	9606.ENSP00000229795	9606.ENSP00000226574	0	0	0	0	0.065	0.185	0.900	0.409	0.948
MYD88	CD14	4448172	4438033	9606.ENSP00000401399	9606.ENSP00000304236	0	0	0	0	0.091	0	0.900	0.482	0.948
AKT1	CD40LG	4450372	4443586	9606.ENSP00000451828	9606.ENSP00000359663	0	0	0	0	0	0.072	0.900	0.482	0.947
IL1A	NFKB1	4435240	4433374	9606.ENSP00000263339	9606.ENSP00000226574	0	0	0	0	0.091	0	0.900	0.471	0.947
MAPK8	CD40LG	4446429	4443586	9606.ENSP00000378974	9606.ENSP00000359663	0	0	0	0	0	0.076	0.900	0.473	0.947
AKT1	CD86	4450372	4440320	9606.ENSP00000451828	9606.ENSP00000332049	0	0	0	0	0.061	0	0.900	0.486	0.947
IRF7	IRF1	4446700	4433930	9606.ENSP00000380697	9606.ENSP00000245414	0	0	0	0.599	0.212	0	0.900	0.898	0.947
MAPK8	MAPK1	4446429	4432880	9606.ENSP00000378974	9606.ENSP00000215832	0	0	0.386	0.886	0.081	0.384	0.900	0.980	0.947
BCL2	MAPK3	4446777	4435180	9606.ENSP00000381185	9606.ENSP00000263025	0	0	0	0	0	0.379	0.900	0.225	0.947
RHOA	CDK2	4448110	4435732	9606.ENSP00000400175	9606.ENSP00000266970	0	0	0	0	0.052	0.095	0.900	0.446	0.946
IL6	IL1A	4447254	4435240	9606.ENSP00000385675	9606.ENSP00000263339	0	0	0	0	0.375	0	0	0.918	0.946
FAS	BIRC3	4441783	4435265	9606.ENSP00000347979	9606.ENSP00000263464	0	0	0	0	0.097	0	0.900	0.455	0.946
EGFR	MAPK3	4436186	4435180	9606.ENSP00000275493	9606.ENSP00000263025	0	0	0	0.580	0	0.185	0.900	0.886	0.946
AKT1	CD80	4450372	4435403	9606.ENSP00000451828	9606.ENSP00000264246	0	0	0	0	0	0	0.900	0.482	0.946
IL10	IFNG	4448642	4433446	9606.ENSP00000412237	9606.ENSP00000229135	0	0	0	0	0.064	0	0	0.944	0.946
CCL3	IL1B	4451253	4435241	9606.ENSP00000477908	9606.ENSP00000263341	0	0	0	0	0.682	0	0	0.835	0.945
BCL2	MAPK1	4446777	4432880	9606.ENSP00000381185	9606.ENSP00000215832	0	0	0	0	0	0.379	0.900	0.198	0.945
IL6	PTGS2	4447254	4442894	9606.ENSP00000385675	9606.ENSP00000356438	0	0	0	0	0.314	0	0	0.922	0.945
IL18	MAPK3	4436375	4435180	9606.ENSP00000280357	9606.ENSP00000263025	0	0	0	0	0	0	0.900	0.477	0.945
IL7R	IL2	4438199	4433376	9606.ENSP00000306157	9606.ENSP00000226730	0	0	0	0	0	0	0.600	0.867	0.944
RHOA	TLR4	4448110	4444300	9606.ENSP00000400175	9606.ENSP00000363089	0	0	0	0	0	0.126	0.900	0.417	0.944
IRF7	STAT1	4446700	4442456	9606.ENSP00000380697	9606.ENSP00000354394	0	0	0	0	0.641	0	0	0.852	0.944
MAVS	IFNB1	4448208	4445352	9606.ENSP00000401980	9606.ENSP00000369581	0	0	0	0	0	0	0	0.944	0.944
TGFB1	MAPK1	4433189	4432880	9606.ENSP00000221930	9606.ENSP00000215832	0	0	0	0	0.049	0.078	0.900	0.445	0.944
TNF	IL1A	4448041	4435240	9606.ENSP00000398698	9606.ENSP00000263339	0	0	0	0	0.296	0	0	0.923	0.944
TNF	PSMD2	4448041	4438562	9606.ENSP00000398698	9606.ENSP00000310129	0	0	0	0	0	0.336	0.900	0.222	0.943
AKT1	SMAD3	4450372	4440414	9606.ENSP00000451828	9606.ENSP00000332973	0	0	0	0	0.062	0.542	0	0.877	0.943
MYD88	IL1A	4448172	4435240	9606.ENSP00000401399	9606.ENSP00000263339	0	0	0	0	0.061	0	0.900	0.445	0.943
RB1	MAPK14	4435747	4433482	9606.ENSP00000267163	9606.ENSP00000229795	0	0	0	0	0.061	0.348	0.900	0.179	0.943
MAPK8	MAPK14	4446429	4433482	9606.ENSP00000378974	9606.ENSP00000229795	0	0	0.396	0.924	0.064	0.386	0.900	0.937	0.943
IFNA2	IRF1	4445342	4433930	9606.ENSP00000369554	9606.ENSP00000245414	0	0	0	0	0	0	0.900	0.452	0.942
IL6	ADAM10	4447254	4434780	9606.ENSP00000385675	9606.ENSP00000260408	0	0	0	0	0	0	0.900	0.441	0.941
CXCL10	CCL2	4438146	4433339	9606.ENSP00000305651	9606.ENSP00000225831	0	0	0	0	0.158	0	0	0.933	0.941
MAPK14	IL2	4433482	4433376	9606.ENSP00000229795	9606.ENSP00000226730	0	0	0	0	0	0	0.900	0.440	0.941
IRF7	SMAD3	4446700	4440414	9606.ENSP00000380697	9606.ENSP00000332973	0	0	0	0	0	0.305	0.900	0.226	0.941
AKT1	BCL2	4450372	4446777	9606.ENSP00000451828	9606.ENSP00000381185	0	0	0	0	0.061	0	0.900	0.426	0.941
MAPK3	MAPK14	4435180	4433482	9606.ENSP00000263025	9606.ENSP00000229795	0	0	0.394	0.924	0	0.687	0.800	0.886	0.940
RB1	MAPK3	4435747	4435180	9606.ENSP00000267163	9606.ENSP00000263025	0	0	0	0	0.061	0	0.900	0.419	0.940
CD80	CD4	4435403	4432588	9606.ENSP00000264246	9606.ENSP00000011653	0	0	0	0	0.099	0	0.900	0.389	0.940
CCL5	TNF	4451102	4448041	9606.ENSP00000474412	9606.ENSP00000398698	0	0	0	0	0.157	0	0	0.932	0.940
IL6	IFNG	4447254	4433446	9606.ENSP00000385675	9606.ENSP00000229135	0	0	0	0	0.064	0	0	0.937	0.939
PSMD2	NFKB1	4438562	4433374	9606.ENSP00000310129	9606.ENSP00000226574	0	0	0	0	0.144	0.315	0.900	0.072	0.938
CD40	MAPK14	4443911	4433482	9606.ENSP00000361359	9606.ENSP00000229795	0	0	0	0	0	0	0.900	0.407	0.938
CD40LG	NFKB1	4443586	4433374	9606.ENSP00000359663	9606.ENSP00000226574	0	0	0	0	0	0.059	0.900	0.397	0.938
IFNG	IL2	4433446	4433376	9606.ENSP00000229135	9606.ENSP00000226730	0	0	0	0	0.087	0	0	0.935	0.938
CCL4	MAPK3	4451651	4435180	9606.ENSP00000482259	9606.ENSP00000263025	0	0	0	0	0	0	0.900	0.397	0.937
CCL4	IL1B	4451651	4435241	9606.ENSP00000482259	9606.ENSP00000263341	0	0	0	0	0.619	0	0	0.839	0.936
IL13	IL2	4438088	4433376	9606.ENSP00000304915	9606.ENSP00000226730	0	0	0	0	0.064	0	0	0.934	0.936
MAPK8	NFKB1	4446429	4433374	9606.ENSP00000378974	9606.ENSP00000226574	0	0	0	0	0.068	0.261	0.800	0.589	0.935
RHOA	TGFB1	4448110	4433189	9606.ENSP00000400175	9606.ENSP00000221930	0	0	0	0	0.052	0.058	0.900	0.358	0.935
IL18	NFKB1	4436375	4433374	9606.ENSP00000280357	9606.ENSP00000226574	0	0	0	0	0	0	0.900	0.386	0.935
IRF7	ICAM1	4446700	4435501	9606.ENSP00000380697	9606.ENSP00000264832	0	0	0	0	0.097	0	0.900	0.344	0.935
PSMD2	CDK2	4438562	4435732	9606.ENSP00000310129	9606.ENSP00000266970	0	0	0	0	0.086	0.328	0.900	0.070	0.935
PPIA	MAPK3	4449041	4435180	9606.ENSP00000419425	9606.ENSP00000263025	0	0	0	0	0.049	0.057	0.900	0.354	0.934
ITGB2	CD40LG	4446737	4443586	9606.ENSP00000380948	9606.ENSP00000359663	0	0	0	0	0.120	0	0.900	0.314	0.934
CCL5	IL6	4451102	4447254	9606.ENSP00000474412	9606.ENSP00000385675	0	0	0	0	0.064	0	0	0.932	0.934
AKT1	EGF	4450372	4435570	9606.ENSP00000451828	9606.ENSP00000265171	0	0	0	0	0	0.050	0	0.932	0.933
IRF7	HLA-C	4446700	4444694	9606.ENSP00000380697	9606.ENSP00000365402	0	0	0	0	0.158	0	0.900	0.275	0.933
CDK2	MAPK1	4435732	4432880	9606.ENSP00000266970	9606.ENSP00000215832	0	0	0.399	0.863	0.049	0.261	0.900	0.636	0.933
CDK2	MAPK3	4435732	4435180	9606.ENSP00000266970	9606.ENSP00000263025	0	0	0.405	0.872	0.049	0.261	0.900	0.688	0.933
HLA-C	ICAM1	4444694	4435501	9606.ENSP00000365402	9606.ENSP00000264832	0	0	0	0	0.077	0	0.900	0.329	0.932
IL13	IL5	4438088	4433534	9606.ENSP00000304915	9606.ENSP00000231454	0	0	0	0	0.062	0	0	0.930	0.932
RHOA	IL2	4448110	4433376	9606.ENSP00000400175	9606.ENSP00000226730	0	0	0	0	0	0	0.900	0.348	0.932
CCL4	CCL5	4451651	4451102	9606.ENSP00000482259	9606.ENSP00000474412	0	0	0	0.932	0.309	0	0.900	0.933	0.932
IRF3	ICAM1	4451012	4435501	9606.ENSP00000471896	9606.ENSP00000264832	0	0	0	0	0	0	0.900	0.355	0.932
AKT1	MAPK14	4450372	4433482	9606.ENSP00000451828	9606.ENSP00000229795	0	0	0.303	0.623	0.082	0.715	0.600	0.858	0.931
DDX58	NFKB1	4445284	4433374	9606.ENSP00000369213	9606.ENSP00000226574	0	0	0	0	0.089	0	0.900	0.312	0.931
IL10	CD44	4448642	4448037	9606.ENSP00000412237	9606.ENSP00000398632	0	0	0	0	0	0	0	0.930	0.931
TLR4	CXCL8	4444300	4438229	9606.ENSP00000363089	9606.ENSP00000306512	0	0	0	0	0.116	0	0	0.924	0.930
PSMD1	NFKB1	4438504	4433374	9606.ENSP00000309474	9606.ENSP00000226574	0	0	0	0	0.158	0.195	0.900	0.096	0.930
ITGB2	NFKB1	4446737	4433374	9606.ENSP00000380948	9606.ENSP00000226574	0	0	0	0	0.078	0.099	0.900	0.267	0.930
IL17A	CCL2	4441397	4433339	9606.ENSP00000344192	9606.ENSP00000225831	0	0	0	0	0	0	0	0.930	0.930
IRF3	IRF1	4451012	4433930	9606.ENSP00000471896	9606.ENSP00000245414	0	0	0	0.627	0.061	0	0.900	0.779	0.930
PSMD1	CDK2	4438504	4435732	9606.ENSP00000309474	9606.ENSP00000266970	0	0	0	0	0.050	0.310	0.900	0.047	0.929
ICAM1	CCL2	4435501	4433339	9606.ENSP00000264832	9606.ENSP00000225831	0	0	0	0	0.149	0	0	0.919	0.929
RUNX3	TGFB1	4446960	4433189	9606.ENSP00000382800	9606.ENSP00000221930	0	0	0	0	0.092	0	0.900	0.288	0.929
CCL4	MAPK1	4451651	4432880	9606.ENSP00000482259	9606.ENSP00000215832	0	0	0	0	0	0	0.900	0.319	0.928
CXCL8	ICAM1	4438229	4435501	9606.ENSP00000306512	9606.ENSP00000264832	0	0	0	0	0.214	0	0	0.912	0.928
TNF	CD40	4448041	4443911	9606.ENSP00000398698	9606.ENSP00000361359	0	0	0	0	0.163	0	0	0.917	0.928
KIT	EGF	4436763	4435570	9606.ENSP00000288135	9606.ENSP00000265171	0	0	0	0	0	0.062	0.800	0.644	0.927
CD40LG	MAPK14	4443586	4433482	9606.ENSP00000359663	9606.ENSP00000229795	0	0	0	0	0	0	0.900	0.303	0.927
HSPA8	EGF	4449616	4435570	9606.ENSP00000432083	9606.ENSP00000265171	0	0	0	0	0	0	0.900	0.309	0.927
PPIA	MAPK1	4449041	4432880	9606.ENSP00000419425	9606.ENSP00000215832	0	0	0	0	0.088	0.057	0.900	0.254	0.927
RHOA	ITGB2	4448110	4446737	9606.ENSP00000400175	9606.ENSP00000380948	0	0	0	0	0.062	0.069	0.900	0.264	0.927
PSMD2	TP53	4438562	4435880	9606.ENSP00000310129	9606.ENSP00000269305	0	0	0	0	0	0.184	0.900	0.185	0.927
HLA-C	IRF1	4444694	4433930	9606.ENSP00000365402	9606.ENSP00000245414	0	0	0	0	0.095	0	0.900	0.265	0.927
BIRC3	NFKB1	4435265	4433374	9606.ENSP00000263464	9606.ENSP00000226574	0	0	0	0	0.123	0.693	0	0.748	0.926
IL13	FCER2	4438088	4435373	9606.ENSP00000304915	9606.ENSP00000264072	0	0	0	0	0	0	0.900	0.291	0.926
TNF	PTGS2	4448041	4442894	9606.ENSP00000398698	9606.ENSP00000356438	0	0	0	0	0.096	0	0	0.921	0.926
ICAM1	IL1B	4435501	4435241	9606.ENSP00000264832	9606.ENSP00000263341	0	0	0	0	0.154	0	0	0.916	0.926
CDK2	CDK4	4435732	4434582	9606.ENSP00000266970	9606.ENSP00000257904	0	0	0.446	0.911	0.119	0.126	0.900	0.952	0.926
TLR4	IL1B	4444300	4435241	9606.ENSP00000363089	9606.ENSP00000263341	0	0	0	0	0.160	0	0	0.913	0.925
CD44	HLA-C	4448037	4444694	9606.ENSP00000398632	9606.ENSP00000365402	0	0	0	0	0.112	0	0.900	0.227	0.925
CD44	IRF7	4448037	4446700	9606.ENSP00000398632	9606.ENSP00000380697	0	0	0	0	0.082	0	0.900	0.243	0.924
ISG15	IFNA1	4445204	4436248	9606.ENSP00000368699	9606.ENSP00000276927	0	0	0	0	0	0.828	0	0.581	0.924
OAS1	DDX58	4447536	4445284	9606.ENSP00000388001	9606.ENSP00000369213	0	0	0	0	0.782	0	0	0.669	0.924
CD44	IRF1	4448037	4433930	9606.ENSP00000398632	9606.ENSP00000245414	0	0	0	0	0.071	0	0.900	0.247	0.924
ITGB2	STAT1	4446737	4442456	9606.ENSP00000380948	9606.ENSP00000354394	0	0	0	0	0.082	0	0.900	0.243	0.924
IL10	TLR9	4448642	4442410	9606.ENSP00000412237	9606.ENSP00000353874	0	0	0	0	0.055	0.157	0	0.911	0.923
MAPK8	KIT	4446429	4436763	9606.ENSP00000378974	9606.ENSP00000288135	0	0	0	0.566	0	0.087	0.900	0.447	0.922
DDX58	MAPK3	4445284	4435180	9606.ENSP00000369213	9606.ENSP00000263025	0	0	0	0	0	0	0.900	0.255	0.922
IL10	IL5	4448642	4433534	9606.ENSP00000412237	9606.ENSP00000231454	0	0	0	0	0	0	0	0.922	0.922
ACAA1	NFKB1	4440473	4433374	9606.ENSP00000333664	9606.ENSP00000226574	0	0	0	0	0	0	0.900	0.260	0.922
IL4	IFNG	4433533	4433446	9606.ENSP00000231449	9606.ENSP00000229135	0	0	0	0	0	0	0	0.921	0.921
MX1	HLA-C	4446835	4444694	9606.ENSP00000381601	9606.ENSP00000365402	0	0	0	0	0.084	0	0.900	0.212	0.921
ISG15	MAPK3	4445204	4435180	9606.ENSP00000368699	9606.ENSP00000263025	0	0	0	0	0	0.069	0.900	0.222	0.921
MX1	MAPK3	4446835	4435180	9606.ENSP00000381601	9606.ENSP00000263025	0	0	0	0	0.060	0	0.900	0.236	0.921
CCR5	CD4	4436956	4432588	9606.ENSP00000292303	9606.ENSP00000011653	0	0	0	0	0.322	0.472	0	0.799	0.921
CD44	EGFR	4448037	4436186	9606.ENSP00000398632	9606.ENSP00000275493	0	0	0	0	0.099	0.379	0	0.871	0.921
IL6	EGFR	4447254	4436186	9606.ENSP00000385675	9606.ENSP00000275493	0	0	0	0	0	0	0.600	0.811	0.921
TLR4	NFKB1	4444300	4433374	9606.ENSP00000363089	9606.ENSP00000226574	0	0	0	0	0.088	0.070	0.800	0.588	0.920
IL10	FCER2	4448642	4435373	9606.ENSP00000412237	9606.ENSP00000264072	0	0	0	0	0	0	0.900	0.223	0.919
ITGB2	IL13	4446737	4438088	9606.ENSP00000380948	9606.ENSP00000304915	0	0	0	0	0	0	0.900	0.224	0.919
IFNB1	DDX58	4445352	4445284	9606.ENSP00000369581	9606.ENSP00000369213	0	0	0	0	0.061	0	0	0.918	0.919
IRF7	CD14	4446700	4438033	9606.ENSP00000380697	9606.ENSP00000304236	0	0	0	0	0.119	0	0.900	0.149	0.918
CST3	LTF	4446810	4433548	9606.ENSP00000381448	9606.ENSP00000231751	0	0	0	0	0.061	0	0.900	0.199	0.918
PSMD1	MAPK1	4438504	4432880	9606.ENSP00000309474	9606.ENSP00000215832	0	0	0	0	0.062	0	0.900	0.204	0.918
MYC	NOS2	4451407	4439909	9606.ENSP00000479618	9606.ENSP00000327251	0	0	0	0	0	0	0.900	0.222	0.918
HSPA8	CD4	4449616	4432588	9606.ENSP00000432083	9606.ENSP00000011653	0	0	0	0	0	0.071	0.900	0.185	0.917
IRF3	CD14	4451012	4438033	9606.ENSP00000471896	9606.ENSP00000304236	0	0	0	0	0	0	0.900	0.212	0.917
IRF3	CD44	4451012	4448037	9606.ENSP00000471896	9606.ENSP00000398632	0	0	0	0	0	0	0.900	0.198	0.916
IFNB1	IFNA2	4445352	4445342	9606.ENSP00000369581	9606.ENSP00000369554	0	0	0	0.813	0.062	0	0.900	0.788	0.916
IRF3	HLA-C	4451012	4444694	9606.ENSP00000471896	9606.ENSP00000365402	0	0	0	0	0.062	0	0.900	0.185	0.916
CCL3	IL6	4451253	4447254	9606.ENSP00000477908	9606.ENSP00000385675	0	0	0	0	0.143	0	0	0.906	0.916
ISG15	HLA-C	4445204	4444694	9606.ENSP00000368699	9606.ENSP00000365402	0	0	0	0	0.098	0	0.900	0.150	0.916
OAS1	ICAM1	4447536	4435501	9606.ENSP00000388001	9606.ENSP00000264832	0	0	0	0	0.082	0	0.900	0.161	0.916
PTGS2	TP53	4442894	4435880	9606.ENSP00000356438	9606.ENSP00000269305	0	0	0	0	0	0.379	0	0.869	0.915
OAS1	HLA-C	4447536	4444694	9606.ENSP00000388001	9606.ENSP00000365402	0	0	0	0	0.092	0	0.900	0.139	0.915
EGFR	CD4	4436186	4432588	9606.ENSP00000275493	9606.ENSP00000011653	0	0	0	0	0	0	0.900	0.186	0.915
EGF	CD4	4435570	4432588	9606.ENSP00000265171	9606.ENSP00000011653	0	0	0	0	0	0	0.900	0.189	0.915
IRF7	IFNA1	4446700	4436248	9606.ENSP00000380697	9606.ENSP00000276927	0	0	0	0	0	0	0.600	0.794	0.914
CD40LG	IL4	4443586	4433533	9606.ENSP00000359663	9606.ENSP00000231449	0	0	0	0	0	0	0	0.914	0.914
CD44	TP53	4448037	4435880	9606.ENSP00000398632	9606.ENSP00000269305	0	0	0	0	0	0.379	0	0.867	0.914
PSMD1	TP53	4438504	4435880	9606.ENSP00000309474	9606.ENSP00000269305	0	0	0	0	0.062	0	0.900	0.163	0.914
HSPA8	IL4	4449616	4433533	9606.ENSP00000432083	9606.ENSP00000231449	0	0	0	0	0	0.053	0.900	0.168	0.914
MAVS	NFKB1	4448208	4433374	9606.ENSP00000401980	9606.ENSP00000226574	0	0	0	0	0	0	0.900	0.169	0.913
IL10	CD40	4448642	4443911	9606.ENSP00000412237	9606.ENSP00000361359	0	0	0	0	0.062	0	0	0.910	0.913
TBK1	NFKB1	4440145	4433374	9606.ENSP00000329967	9606.ENSP00000226574	0	0	0	0	0.088	0.187	0.800	0.484	0.913
CCL4	TNF	4451651	4448041	9606.ENSP00000482259	9606.ENSP00000398698	0	0	0	0	0.467	0	0	0.841	0.912
TNF	IL17A	4448041	4441397	9606.ENSP00000398698	9606.ENSP00000344192	0	0	0	0	0	0	0	0.912	0.912
CST3	ADAM10	4446810	4434780	9606.ENSP00000381448	9606.ENSP00000260408	0	0	0	0	0	0	0.900	0.162	0.912
ITGB2	ADAM10	4446737	4434780	9606.ENSP00000380948	9606.ENSP00000260408	0	0	0	0	0.065	0.112	0.900	0.073	0.912
IL7R	IL4	4438199	4433533	9606.ENSP00000306157	9606.ENSP00000231449	0	0	0	0	0	0	0.600	0.790	0.912
IRF3	MYD88	4451012	4448172	9606.ENSP00000471896	9606.ENSP00000401399	0	0	0	0	0.084	0	0	0.906	0.911
IL17A	IL1B	4441397	4435241	9606.ENSP00000344192	9606.ENSP00000263341	0	0	0	0	0	0	0	0.910	0.911
HSPA8	SMAD3	4449616	4440414	9606.ENSP00000432083	9606.ENSP00000332973	0	0	0	0	0	0	0.900	0.144	0.910
TNF	MAPK8	4448041	4446429	9606.ENSP00000398698	9606.ENSP00000378974	0	0	0	0	0	0	0	0.910	0.910
HSP90B1	ADAM10	4437604	4434780	9606.ENSP00000299767	9606.ENSP00000260408	0	0	0	0	0.061	0	0.900	0.124	0.910
TBK1	CD14	4440145	4438033	9606.ENSP00000329967	9606.ENSP00000304236	0	0	0	0	0.062	0	0.900	0.124	0.910
AKT1	NOS2	4450372	4439909	9606.ENSP00000451828	9606.ENSP00000327251	0	0	0	0	0.063	0.065	0.800	0.543	0.909
CXCL8	CRP	4438229	4434405	9606.ENSP00000306512	9606.ENSP00000255030	0	0	0	0	0	0	0	0.909	0.909
MYC	CDK4	4451407	4434582	9606.ENSP00000479618	9606.ENSP00000257904	0	0	0	0	0.106	0.378	0	0.849	0.909
ACAA1	LTF	4440473	4433548	9606.ENSP00000333664	9606.ENSP00000231751	0	0	0	0	0.062	0	0.900	0.111	0.909
IL7R	EGF	4438199	4435570	9606.ENSP00000306157	9606.ENSP00000265171	0	0	0	0	0	0	0.900	0.127	0.909
IKBKE	CD14	4450725	4438033	9606.ENSP00000464030	9606.ENSP00000304236	0	0	0	0	0.064	0	0.900	0.100	0.908
CCL3	CXCL10	4451253	4438146	9606.ENSP00000477908	9606.ENSP00000305651	0	0	0	0	0.238	0	0	0.883	0.907
AKT1	MAPK3	4450372	4435180	9606.ENSP00000451828	9606.ENSP00000263025	0	0	0.323	0.586	0.064	0.146	0.800	0.946	0.907
IL7R	EGFR	4438199	4436186	9606.ENSP00000306157	9606.ENSP00000275493	0	0	0	0	0	0	0.900	0.098	0.906
PTGS2	NOS2	4442894	4439909	9606.ENSP00000356438	9606.ENSP00000327251	0	0	0	0	0.063	0.299	0	0.868	0.906
IMPDH1	MAPK1	4441488	4432880	9606.ENSP00000345096	9606.ENSP00000215832	0	0	0	0	0	0	0.900	0.108	0.906
CD68	RAB3D	4434118	4433204	9606.ENSP00000250092	9606.ENSP00000222120	0	0	0	0	0.082	0	0.900	0.049	0.905
CD44	OAS1	4448037	4447536	9606.ENSP00000398632	9606.ENSP00000388001	0	0	0	0	0	0	0.900	0.095	0.905
STAT1	FCER2	4442456	4435373	9606.ENSP00000354394	9606.ENSP00000264072	0	0	0	0	0	0	0.900	0.097	0.905
IL6	TLR9	4447254	4442410	9606.ENSP00000385675	9606.ENSP00000353874	0	0	0	0	0	0	0	0.905	0.905
AKT1	MAPK1	4450372	4432880	9606.ENSP00000451828	9606.ENSP00000215832	0	0	0.304	0.592	0.066	0.146	0.800	0.948	0.905
HPSE	NFKB1	4447096	4433374	9606.ENSP00000384262	9606.ENSP00000226574	0	0	0	0	0.057	0	0.900	0.064	0.904
CD40LG	CD80	4443586	4435403	9606.ENSP00000359663	9606.ENSP00000264246	0	0	0	0	0.086	0	0	0.898	0.904
GLB1	MAPK1	4438271	4432880	9606.ENSP00000306920	9606.ENSP00000215832	0	0	0	0	0	0	0.900	0.086	0.904
LTF	NFKB1	4433548	4433374	9606.ENSP00000231751	9606.ENSP00000226574	0	0	0	0	0	0	0.900	0.080	0.904
IL5	IFNG	4433534	4433446	9606.ENSP00000231454	9606.ENSP00000229135	0	0	0	0	0	0	0	0.903	0.904
HSPA8	IL13	4449616	4438088	9606.ENSP00000432083	9606.ENSP00000304915	0	0	0	0	0	0	0.900	0.071	0.903
TNF	IL18	4448041	4436375	9606.ENSP00000398698	9606.ENSP00000280357	0	0	0	0	0	0	0	0.902	0.903
CD14	BIRC3	4438033	4435265	9606.ENSP00000304236	9606.ENSP00000263464	0	0	0	0	0.063	0	0.900	0.048	0.903
IL1B	IFNG	4435241	4433446	9606.ENSP00000263341	9606.ENSP00000229135	0	0	0	0	0.082	0	0	0.898	0.902
CST3	CDA	4446810	4444499	9606.ENSP00000381448	9606.ENSP00000364212	0	0	0	0	0.068	0	0.900	0	0.902
IMPDH1	PSMD1	4441488	4438504	9606.ENSP00000345096	9606.ENSP00000309474	0	0	0	0	0.066	0	0.900	0	0.902
CXCL10	IFNG	4438146	4433446	9606.ENSP00000305651	9606.ENSP00000229135	0	0	0	0	0.118	0	0	0.893	0.902
MYD88	BIRC3	4448172	4435265	9606.ENSP00000401399	9606.ENSP00000263464	0	0	0	0	0.079	0.809	0	0.489	0.902
CD80	IL4	4435403	4433533	9606.ENSP00000264246	9606.ENSP00000231449	0	0	0	0	0	0	0	0.901	0.901
CST3	HSP90B1	4446810	4437604	9606.ENSP00000381448	9606.ENSP00000299767	0	0	0	0	0	0	0.900	0.054	0.901
PSMD1	BIRC3	4438504	4435265	9606.ENSP00000309474	9606.ENSP00000263464	0	0	0	0	0	0	0.900	0.055	0.901
ARF1	CD4	4449926	4432588	9606.ENSP00000440005	9606.ENSP00000011653	0	0	0	0	0	0	0.900	0.058	0.901
IL6	CD40	4447254	4443911	9606.ENSP00000385675	9606.ENSP00000361359	0	0	0	0	0.109	0	0	0.893	0.901
HPSE	ACAA1	4447096	4440473	9606.ENSP00000384262	9606.ENSP00000333664	0	0	0	0	0	0	0.900	0.053	0.901
TNF	PSMD1	4448041	4438504	9606.ENSP00000398698	9606.ENSP00000309474	0	0	0	0	0	0	0.900	0.053	0.901
TRAF3	CD14	4450450	4438033	9606.ENSP00000454207	9606.ENSP00000304236	0	0	0	0	0	0	0.900	0.059	0.901
TRAF3	PSMD1	4450450	4438504	9606.ENSP00000454207	9606.ENSP00000309474	0	0	0	0	0	0	0.900	0	0.900
IL1B	IL2	4435241	4433376	9606.ENSP00000263341	9606.ENSP00000226730	0	0	0	0	0	0	0	0.900	0.900
RUNX3	PSMD1	4446960	4438504	9606.ENSP00000382800	9606.ENSP00000309474	0	0	0	0	0	0	0.900	0	0.900
HSPA8	IL7R	4449616	4438199	9606.ENSP00000432083	9606.ENSP00000306157	0	0	0	0	0	0	0.900	0	0.900
HPSE	LTF	4447096	4433548	9606.ENSP00000384262	9606.ENSP00000231751	0	0	0	0	0	0	0.900	0	0.900
CD40LG	PSMD1	4443586	4438504	9606.ENSP00000359663	9606.ENSP00000309474	0	0	0	0	0	0	0.900	0	0.900
CD40LG	PSMD2	4443586	4438562	9606.ENSP00000359663	9606.ENSP00000310129	0	0	0	0	0	0	0.900	0.047	0.900
IMPDH1	GLB1	4441488	4438271	9606.ENSP00000345096	9606.ENSP00000306920	0	0	0	0	0	0	0.900	0	0.900
CDA	LTF	4444499	4433548	9606.ENSP00000364212	9606.ENSP00000231751	0	0	0	0	0	0	0.900	0	0.900
PSMD1	GLB1	4438504	4438271	9606.ENSP00000309474	9606.ENSP00000306920	0	0	0	0	0	0	0.900	0	0.900
PSMD2	BIRC3	4438562	4435265	9606.ENSP00000310129	9606.ENSP00000263464	0	0	0	0	0	0	0.900	0	0.900
RUNX3	PSMD2	4446960	4438562	9606.ENSP00000382800	9606.ENSP00000310129	0	0	0	0	0	0	0.900	0	0.900
TRAF3	PSMD2	4450450	4438562	9606.ENSP00000454207	9606.ENSP00000310129	0	0	0	0	0	0	0.900	0	0.900